N,exact,monte_carlo,abs_error
1,-0.028571428571428636,-0.03373599999999999,0.005164571428571352
2,-0.1346938775510205,-0.13460399999999997,8.987755102052297e-05
4,-0.42107455226988766,-0.41735199999999995,0.0037225522698877134
8,-0.7821985529075506,-0.7765479999999999,0.005650552907550677
16,-1.0783255652601105,-1.078428,0.00010243473988946761
32,-1.1896711984642108,-1.1902239999999997,0.0005528015357889604
64,-1.199925569203842,-1.1999999999999997,7.443079615776504e-05
