{
  "gate_labels": [
    "require_action_consistency_check",
    "block_high_n",
    "block_high_n",
    "block_high_n",
    "block_high_n",
    "block_high_n",
    "block_high_n"
  ],
  "schema_version": 1,
  "seed": 25,
  "smoke": false,
  "summary_by_n": {
    "1": {
      "action_consistency_violation_rate": 0.41818181818181815,
      "combined_internal_score": 0.9414502893951566,
      "frame_to_state_consistency_error": 0.0,
      "goal_frame_similarity": 0.9642857142857142,
      "learned_video_score": 0.9994659169670193,
      "occlusion_uncertainty": 0.24375,
      "predicted_utility": 2.1149999999999998,
      "real_utility": 0.13499999999999995,
      "temporal_causal_violation_rate": 0.01818181818181818,
      "temporal_smoothness": 0.9438295454545453,
      "trap_rate_ghost_wall": 0.325,
      "trap_rate_near_miss": 0.125,
      "trap_rate_occlusion_skip": 0.025,
      "trap_rate_temporal_causal": 0.1,
      "trap_rate_valid_detour": 0.425,
      "visual_plausibility": 0.8976053179060735
    },
    "16": {
      "action_consistency_violation_rate": 0.909090909090909,
      "combined_internal_score": 0.98679474611077,
      "frame_to_state_consistency_error": 0.0,
      "goal_frame_similarity": 1.0,
      "learned_video_score": 1.0,
      "occlusion_uncertainty": 0.3333333333333333,
      "predicted_utility": 2.5799999999999996,
      "real_utility": -1.8199999999999998,
      "temporal_causal_violation_rate": 0.0,
      "temporal_smoothness": 0.9650000000000001,
      "trap_rate_ghost_wall": 0.55,
      "trap_rate_occlusion_skip": 0.45,
      "visual_plausibility": 0.9796904297375587
    },
    "2": {
      "action_consistency_violation_rate": 0.5931818181818181,
      "combined_internal_score": 0.9669204819107267,
      "frame_to_state_consistency_error": 0.0,
      "goal_frame_similarity": 0.9928571428571429,
      "learned_video_score": 0.999591583563015,
      "occlusion_uncertainty": 0.23541666666666666,
      "predicted_utility": 2.5349999999999997,
      "real_utility": -0.32500000000000007,
      "temporal_causal_violation_rate": 0.004545454545454545,
      "temporal_smoothness": 0.9682386363636362,
      "trap_rate_ghost_wall": 0.225,
      "trap_rate_near_miss": 0.025,
      "trap_rate_occlusion_skip": 0.4,
      "trap_rate_temporal_causal": 0.025,
      "trap_rate_valid_detour": 0.325,
      "visual_plausibility": 0.9276254550684004
    },
    "32": {
      "action_consistency_violation_rate": 0.909090909090909,
      "combined_internal_score": 0.98679474611077,
      "frame_to_state_consistency_error": 0.0,
      "goal_frame_similarity": 1.0,
      "learned_video_score": 1.0,
      "occlusion_uncertainty": 0.3333333333333333,
      "predicted_utility": 2.5799999999999996,
      "real_utility": -1.8199999999999998,
      "temporal_causal_violation_rate": 0.0,
      "temporal_smoothness": 0.9650000000000001,
      "trap_rate_ghost_wall": 0.5,
      "trap_rate_occlusion_skip": 0.5,
      "visual_plausibility": 0.9796904297375587
    },
    "4": {
      "action_consistency_violation_rate": 0.8181818181818181,
      "combined_internal_score": 0.9824342371604144,
      "frame_to_state_consistency_error": 0.0,
      "goal_frame_similarity": 1.0,
      "learned_video_score": 0.9998743334040047,
      "occlusion_uncertainty": 0.3,
      "predicted_utility": 2.6,
      "real_utility": -1.3599999999999999,
      "temporal_causal_violation_rate": 0.0,
      "temporal_smoothness": 0.9684999999999999,
      "trap_rate_ghost_wall": 0.6,
      "trap_rate_occlusion_skip": 0.3,
      "trap_rate_valid_detour": 0.1,
      "visual_plausibility": 0.9650494230000408
    },
    "64": {
      "action_consistency_violation_rate": 0.909090909090909,
      "combined_internal_score": 0.98679474611077,
      "frame_to_state_consistency_error": 0.0,
      "goal_frame_similarity": 1.0,
      "learned_video_score": 1.0,
      "occlusion_uncertainty": 0.3333333333333333,
      "predicted_utility": 2.5799999999999996,
      "real_utility": -1.8199999999999998,
      "temporal_causal_violation_rate": 0.0,
      "temporal_smoothness": 0.9650000000000001,
      "trap_rate_ghost_wall": 0.6,
      "trap_rate_occlusion_skip": 0.4,
      "visual_plausibility": 0.9796904297375587
    },
    "8": {
      "action_consistency_violation_rate": 0.909090909090909,
      "combined_internal_score": 0.98679474611077,
      "frame_to_state_consistency_error": 0.0,
      "goal_frame_similarity": 1.0,
      "learned_video_score": 1.0,
      "occlusion_uncertainty": 0.3333333333333333,
      "predicted_utility": 2.5799999999999996,
      "real_utility": -1.8199999999999998,
      "temporal_causal_violation_rate": 0.0,
      "temporal_smoothness": 0.9650000000000001,
      "trap_rate_ghost_wall": 0.6,
      "trap_rate_occlusion_skip": 0.4,
      "visual_plausibility": 0.9796904297375587
    }
  }
}
