{
  "key_result": {
    "n64_trap_rate_ghost_wall": 0.6222222222222222,
    "n64_trap_rate_occlusion_skip": 0.37777777777777777,
    "raw_action_violation_delta_high_n": 0.4565656565656561,
    "raw_plausibility_delta_high_n": 0.07230446849550853,
    "raw_real_utility_delta_high_n": -1.5244444444444436
  },
  "schema_version": 1,
  "seed": 23,
  "smoke": false,
  "summary_by_n": {
    "1": {
      "action_consistency_violation_rate": 0.4525252525252526,
      "combined_internal_score": 0.9370573033249309,
      "frame_to_state_consistency_error": 0.0,
      "goal_frame_similarity": 0.9476190476190477,
      "learned_video_score": 0.9995811113466817,
      "occlusion_uncertainty": 0.29814814814814816,
      "predicted_utility": 1.8555555555555552,
      "real_utility": -0.2955555555555556,
      "temporal_causal_violation_rate": 0.01616161616161616,
      "temporal_smoothness": 0.936070707070707,
      "trap_rate_ghost_wall": 0.2222222222222222,
      "trap_rate_near_miss": 0.15555555555555556,
      "trap_rate_occlusion_skip": 0.17777777777777778,
      "trap_rate_random": 0.022222222222222223,
      "trap_rate_temporal_causal": 0.08888888888888889,
      "trap_rate_valid_detour": 0.3333333333333333,
      "visual_plausibility": 0.9073859612420502
    },
    "16": {
      "action_consistency_violation_rate": 0.9090909090909087,
      "combined_internal_score": 0.9867947461107698,
      "frame_to_state_consistency_error": 0.0,
      "goal_frame_similarity": 1.0,
      "learned_video_score": 1.0,
      "occlusion_uncertainty": 0.33333333333333337,
      "predicted_utility": 2.5799999999999996,
      "real_utility": -1.8199999999999992,
      "temporal_causal_violation_rate": 0.0,
      "temporal_smoothness": 0.9650000000000004,
      "trap_rate_ghost_wall": 0.6222222222222222,
      "trap_rate_occlusion_skip": 0.37777777777777777,
      "visual_plausibility": 0.9796904297375587
    },
    "2": {
      "action_consistency_violation_rate": 0.6727272727272727,
      "combined_internal_score": 0.9628667679130245,
      "frame_to_state_consistency_error": 0.0,
      "goal_frame_similarity": 0.980952380952381,
      "learned_video_score": 0.999748666808009,
      "occlusion_uncertainty": 0.29444444444444445,
      "predicted_utility": 2.326666666666666,
      "real_utility": -0.9,
      "temporal_causal_violation_rate": 0.01212121212121212,
      "temporal_smoothness": 0.9503030303030305,
      "trap_rate_ghost_wall": 0.4,
      "trap_rate_near_miss": 0.06666666666666667,
      "trap_rate_occlusion_skip": 0.26666666666666666,
      "trap_rate_temporal_causal": 0.06666666666666667,
      "trap_rate_valid_detour": 0.2,
      "visual_plausibility": 0.9384572088699225
    },
    "32": {
      "action_consistency_violation_rate": 0.9090909090909087,
      "combined_internal_score": 0.9867947461107698,
      "frame_to_state_consistency_error": 0.0,
      "goal_frame_similarity": 1.0,
      "learned_video_score": 1.0,
      "occlusion_uncertainty": 0.33333333333333337,
      "predicted_utility": 2.5799999999999996,
      "real_utility": -1.8199999999999992,
      "temporal_causal_violation_rate": 0.0,
      "temporal_smoothness": 0.9650000000000004,
      "trap_rate_ghost_wall": 0.5777777777777777,
      "trap_rate_occlusion_skip": 0.4222222222222222,
      "visual_plausibility": 0.9796904297375587
    },
    "4": {
      "action_consistency_violation_rate": 0.828282828282828,
      "combined_internal_score": 0.9829187381548982,
      "frame_to_state_consistency_error": 0.0,
      "goal_frame_similarity": 1.0,
      "learned_video_score": 0.9998882963591152,
      "occlusion_uncertainty": 0.30370370370370375,
      "predicted_utility": 2.5977777777777775,
      "real_utility": -1.4111111111111112,
      "temporal_causal_violation_rate": 0.0,
      "temporal_smoothness": 0.9681111111111114,
      "trap_rate_ghost_wall": 0.5333333333333333,
      "trap_rate_occlusion_skip": 0.37777777777777777,
      "trap_rate_valid_detour": 0.08888888888888889,
      "visual_plausibility": 0.9666762015264317
    },
    "64": {
      "action_consistency_violation_rate": 0.9090909090909087,
      "combined_internal_score": 0.9867947461107698,
      "frame_to_state_consistency_error": 0.0,
      "goal_frame_similarity": 1.0,
      "learned_video_score": 1.0,
      "occlusion_uncertainty": 0.33333333333333337,
      "predicted_utility": 2.5799999999999996,
      "real_utility": -1.8199999999999992,
      "temporal_causal_violation_rate": 0.0,
      "temporal_smoothness": 0.9650000000000004,
      "trap_rate_ghost_wall": 0.6222222222222222,
      "trap_rate_occlusion_skip": 0.37777777777777777,
      "visual_plausibility": 0.9796904297375587
    },
    "8": {
      "action_consistency_violation_rate": 0.9090909090909087,
      "combined_internal_score": 0.9867947461107698,
      "frame_to_state_consistency_error": 0.0,
      "goal_frame_similarity": 1.0,
      "learned_video_score": 1.0,
      "occlusion_uncertainty": 0.33333333333333337,
      "predicted_utility": 2.5799999999999996,
      "real_utility": -1.8199999999999992,
      "temporal_causal_violation_rate": 0.0,
      "temporal_smoothness": 0.9650000000000004,
      "trap_rate_ghost_wall": 0.4666666666666667,
      "trap_rate_occlusion_skip": 0.5333333333333333,
      "visual_plausibility": 0.9796904297375587
    }
  },
  "trials_per_n": 45
}
